"Name","Total Time","Total Time (CPU)","Hits"
"Wrapper-Control-Event-Monitor","54,602 ms (-0%)","0.0 ms (0%)","1"
" org.tanukisoftware.wrapper.WrapperManager$3.run ()","54,602 ms (-0%)","0.0 ms (0%)","1"
"  java.lang.Thread.sleep[native] ()","54,602 ms (-0%)","0.0 ms (0%)","1"
"  Self time","0.0 ms (0%)","0.0 ms (0%)","1"
"Wrapper-Connection","54,602 ms (-0%)","54,602 ms (-0%)","1"
" java.lang.Thread.run ()","54,602 ms (-0%)","54,602 ms (-0%)","1"
"  org.tanukisoftware.wrapper.WrapperManager.run ()","54,602 ms (-0%)","54,602 ms (-0%)","1"
"   org.tanukisoftware.wrapper.WrapperManager.handleBackend ()","54,602 ms (-0%)","54,602 ms (-0%)","1"
"    java.io.DataInputStream.readByte ()","54,602 ms (-0%)","54,602 ms (-0%)","1"
"    Self time","0.0 ms (0%)","0.0 ms (0%)","1"
"   Self time","0.0 ms (0%)","0.0 ms (0%)","1"
"  Self time","0.0 ms (0%)","0.0 ms (0%)","1"
"WrapperSimpleAppMain","54,602 ms (-0%)","0.0 ms (0%)","1"
" java.lang.Thread.run ()","54,602 ms (-0%)","0.0 ms (0%)","1"
"  org.tanukisoftware.wrapper.WrapperSimpleApp.run ()","54,602 ms (-0%)","0.0 ms (0%)","1"
"   java.lang.reflect.Method.invoke ()","54,602 ms (-0%)","0.0 ms (0%)","1"
"    jdk.internal.reflect.DelegatingMethodAccessorImpl.invoke ()","54,602 ms (-0%)","0.0 ms (0%)","1"
"     jdk.internal.reflect.NativeMethodAccessorImpl.invoke ()","54,602 ms (-0%)","0.0 ms (0%)","1"
"      jdk.internal.reflect.NativeMethodAccessorImpl.invoke0[native] ()","54,602 ms (-0%)","0.0 ms (0%)","1"
"       com.inductiveautomation.catapult.Catapult.main ()","54,602 ms (-0%)","0.0 ms (0%)","1"
"        com.inductiveautomation.ignition.gateway.IgnitionGateway.main ()","54,602 ms (-0%)","0.0 ms (0%)","1"
"         com.inductiveautomation.ignition.gateway.IgnitionGateway.start ()","54,602 ms (-0%)","0.0 ms (0%)","1"
"          com.inductiveautomation.ignition.gateway.web.WebResourceManagerImpl.start ()","54,602 ms (-0%)","0.0 ms (0%)","1"
"           com.inductiveautomation.catapult.IgnitionServer.start ()","54,602 ms (-0%)","0.0 ms (0%)","1"
"            org.eclipse.jetty.server.Server.join ()","54,602 ms (-0%)","0.0 ms (0%)","1"
"             org.eclipse.jetty.util.thread.QueuedThreadPool.join ()","54,602 ms (-0%)","0.0 ms (0%)","1"
"              org.eclipse.jetty.util.thread.AutoLock$WithCondition.await ()","54,602 ms (-0%)","0.0 ms (0%)","1"
"               java.util.concurrent.locks.AbstractQueuedSynchronizer$ConditionObject.await ()","54,602 ms (-0%)","0.0 ms (0%)","1"
"               Self time","0.0 ms (0%)","0.0 ms (0%)","1"
"              Self time","0.0 ms (0%)","0.0 ms (0%)","1"
"             Self time","0.0 ms (0%)","0.0 ms (0%)","1"
"            Self time","0.0 ms (0%)","0.0 ms (0%)","1"
"           Self time","0.0 ms (0%)","0.0 ms (0%)","1"
"          Self time","0.0 ms (0%)","0.0 ms (0%)","1"
"         Self time","0.0 ms (0%)","0.0 ms (0%)","1"
"        Self time","0.0 ms (0%)","0.0 ms (0%)","1"
"       Self time","0.0 ms (0%)","0.0 ms (0%)","1"
"      Self time","0.0 ms (0%)","0.0 ms (0%)","1"
"     Self time","0.0 ms (0%)","0.0 ms (0%)","1"
"    Self time","0.0 ms (0%)","0.0 ms (0%)","1"
"   Self time","0.0 ms (0%)","0.0 ms (0%)","1"
"  Self time","0.0 ms (0%)","0.0 ms (0%)","1"
"AsyncAppender-Worker-SysoutAsync","54,602 ms (-0%)","0.0 ms (0%)","1"
" ch.qos.logback.core.AsyncAppenderBase$Worker.run ()","54,602 ms (-0%)","0.0 ms (0%)","1"
"  java.util.concurrent.ArrayBlockingQueue.take ()","54,602 ms (-0%)","0.0 ms (0%)","1"
"  Self time","0.0 ms (0%)","0.0 ms (0%)","1"
"AsyncAppender-Worker-DBAsync","54,602 ms (-0%)","0.0 ms (0%)","1"
" ch.qos.logback.core.AsyncAppenderBase$Worker.run ()","54,602 ms (-0%)","0.0 ms (0%)","1"
"  java.util.concurrent.ArrayBlockingQueue.take ()","54,602 ms (-0%)","0.0 ms (0%)","1"
"  Self time","0.0 ms (0%)","0.0 ms (0%)","1"
"gateway-log-monitoring-session-reaper","54,602 ms (-0%)","0.0 ms (0%)","1"
" com.inductiveautomation.ignition.gateway.logging.GatewayLoggingManagerImpl$MonitoringSessionReaper.run ()","54,602 ms (-0%)","0.0 ms (0%)","1"
"  java.lang.Thread.sleep[native] ()","54,602 ms (-0%)","0.0 ms (0%)","1"
"  Self time","0.0 ms (0%)","0.0 ms (0%)","1"
"webserver-33","54,602 ms (-0%)","0.0 ms (0%)","1"
" java.lang.Thread.run ()","54,602 ms (-0%)","0.0 ms (0%)","1"
"  org.eclipse.jetty.util.thread.QueuedThreadPool$Runner.run ()","54,602 ms (-0%)","0.0 ms (0%)","1"
"   org.eclipse.jetty.util.thread.QueuedThreadPool$Runner.doRunJob ()","54,602 ms (-0%)","0.0 ms (0%)","1"
"    org.eclipse.jetty.util.thread.QueuedThreadPool.runJob ()","54,602 ms (-0%)","0.0 ms (0%)","1"
"     org.eclipse.jetty.io.ManagedSelector$$Lambda$778.0x00000001004be040.run ()","54,602 ms (-0%)","0.0 ms (0%)","1"
"      org.eclipse.jetty.util.thread.strategy.AdaptiveExecutionStrategy.produce ()","54,602 ms (-0%)","0.0 ms (0%)","1"
"       org.eclipse.jetty.util.thread.strategy.AdaptiveExecutionStrategy.tryProduce ()","54,602 ms (-0%)","0.0 ms (0%)","1"
"        org.eclipse.jetty.util.thread.strategy.AdaptiveExecutionStrategy.produceTask ()","54,602 ms (-0%)","0.0 ms (0%)","1"
"         org.eclipse.jetty.io.ManagedSelector$SelectorProducer.produce ()","54,602 ms (-0%)","0.0 ms (0%)","1"
"          org.eclipse.jetty.io.ManagedSelector$SelectorProducer.select ()","54,602 ms (-0%)","0.0 ms (0%)","1"
"           org.eclipse.jetty.io.ManagedSelector.select ()","54,602 ms (-0%)","0.0 ms (0%)","1"
"            org.eclipse.jetty.io.ManagedSelector.nioSelect ()","54,602 ms (-0%)","0.0 ms (0%)","1"
"             sun.nio.ch.SelectorImpl.select ()","54,602 ms (-0%)","0.0 ms (0%)","1"
"             Self time","0.0 ms (0%)","0.0 ms (0%)","1"
"            Self time","0.0 ms (0%)","0.0 ms (0%)","1"
"           Self time","0.0 ms (0%)","0.0 ms (0%)","1"
"          Self time","0.0 ms (0%)","0.0 ms (0%)","1"
"         Self time","0.0 ms (0%)","0.0 ms (0%)","1"
"        Self time","0.0 ms (0%)","0.0 ms (0%)","1"
"       Self time","0.0 ms (0%)","0.0 ms (0%)","1"
"      Self time","0.0 ms (0%)","0.0 ms (0%)","1"
"     Self time","0.0 ms (0%)","0.0 ms (0%)","1"
"    Self time","0.0 ms (0%)","0.0 ms (0%)","1"
"   Self time","0.0 ms (0%)","0.0 ms (0%)","1"
"  Self time","0.0 ms (0%)","0.0 ms (0%)","1"
"webserver-34","54,602 ms (-0%)","0.0 ms (0%)","1"
" java.lang.Thread.run ()","54,602 ms (-0%)","0.0 ms (0%)","1"
"  org.eclipse.jetty.util.thread.QueuedThreadPool$Runner.run ()","54,602 ms (-0%)","0.0 ms (0%)","1"
"   org.eclipse.jetty.util.thread.QueuedThreadPool$Runner.doRunJob ()","54,602 ms (-0%)","0.0 ms (0%)","1"
"    org.eclipse.jetty.util.thread.QueuedThreadPool.runJob ()","54,602 ms (-0%)","0.0 ms (0%)","1"
"     org.eclipse.jetty.io.ManagedSelector$$Lambda$778.0x00000001004be040.run ()","54,602 ms (-0%)","0.0 ms (0%)","1"
"      org.eclipse.jetty.util.thread.strategy.AdaptiveExecutionStrategy.produce ()","54,602 ms (-0%)","0.0 ms (0%)","1"
"       org.eclipse.jetty.util.thread.strategy.AdaptiveExecutionStrategy.tryProduce ()","54,602 ms (-0%)","0.0 ms (0%)","1"
"        org.eclipse.jetty.util.thread.strategy.AdaptiveExecutionStrategy.produceTask ()","54,602 ms (-0%)","0.0 ms (0%)","1"
"         org.eclipse.jetty.io.ManagedSelector$SelectorProducer.produce ()","54,602 ms (-0%)","0.0 ms (0%)","1"
"          org.eclipse.jetty.io.ManagedSelector$SelectorProducer.select ()","54,602 ms (-0%)","0.0 ms (0%)","1"
"           org.eclipse.jetty.io.ManagedSelector.select ()","54,602 ms (-0%)","0.0 ms (0%)","1"
"            org.eclipse.jetty.io.ManagedSelector.nioSelect ()","54,602 ms (-0%)","0.0 ms (0%)","1"
"             sun.nio.ch.SelectorImpl.select ()","54,602 ms (-0%)","0.0 ms (0%)","1"
"             Self time","0.0 ms (0%)","0.0 ms (0%)","1"
"            Self time","0.0 ms (0%)","0.0 ms (0%)","1"
"           Self time","0.0 ms (0%)","0.0 ms (0%)","1"
"          Self time","0.0 ms (0%)","0.0 ms (0%)","1"
"         Self time","0.0 ms (0%)","0.0 ms (0%)","1"
"        Self time","0.0 ms (0%)","0.0 ms (0%)","1"
"       Self time","0.0 ms (0%)","0.0 ms (0%)","1"
"      Self time","0.0 ms (0%)","0.0 ms (0%)","1"
"     Self time","0.0 ms (0%)","0.0 ms (0%)","1"
"    Self time","0.0 ms (0%)","0.0 ms (0%)","1"
"   Self time","0.0 ms (0%)","0.0 ms (0%)","1"
"  Self time","0.0 ms (0%)","0.0 ms (0%)","1"
"webserver-35","54,602 ms (-0%)","0.0 ms (0%)","1"
" java.lang.Thread.run ()","54,602 ms (-0%)","0.0 ms (0%)","1"
"  org.eclipse.jetty.util.thread.QueuedThreadPool$Runner.run ()","54,602 ms (-0%)","0.0 ms (0%)","1"
"   org.eclipse.jetty.util.thread.QueuedThreadPool$Runner.doRunJob ()","54,602 ms (-0%)","0.0 ms (0%)","1"
"    org.eclipse.jetty.util.thread.QueuedThreadPool.runJob ()","54,602 ms (-0%)","0.0 ms (0%)","1"
"     org.eclipse.jetty.io.ManagedSelector$$Lambda$778.0x00000001004be040.run ()","54,602 ms (-0%)","0.0 ms (0%)","1"
"      org.eclipse.jetty.util.thread.strategy.AdaptiveExecutionStrategy.produce ()","54,602 ms (-0%)","0.0 ms (0%)","1"
"       org.eclipse.jetty.util.thread.strategy.AdaptiveExecutionStrategy.tryProduce ()","54,602 ms (-0%)","0.0 ms (0%)","1"
"        org.eclipse.jetty.util.thread.strategy.AdaptiveExecutionStrategy.produceTask ()","54,602 ms (-0%)","0.0 ms (0%)","1"
"         org.eclipse.jetty.io.ManagedSelector$SelectorProducer.produce ()","54,602 ms (-0%)","0.0 ms (0%)","1"
"          org.eclipse.jetty.io.ManagedSelector$SelectorProducer.select ()","54,602 ms (-0%)","0.0 ms (0%)","1"
"           org.eclipse.jetty.io.ManagedSelector.select ()","54,602 ms (-0%)","0.0 ms (0%)","1"
"            org.eclipse.jetty.io.ManagedSelector.nioSelect ()","54,602 ms (-0%)","0.0 ms (0%)","1"
"             sun.nio.ch.SelectorImpl.select ()","54,602 ms (-0%)","0.0 ms (0%)","1"
"             Self time","0.0 ms (0%)","0.0 ms (0%)","1"
"            Self time","0.0 ms (0%)","0.0 ms (0%)","1"
"           Self time","0.0 ms (0%)","0.0 ms (0%)","1"
"          Self time","0.0 ms (0%)","0.0 ms (0%)","1"
"         Self time","0.0 ms (0%)","0.0 ms (0%)","1"
"        Self time","0.0 ms (0%)","0.0 ms (0%)","1"
"       Self time","0.0 ms (0%)","0.0 ms (0%)","1"
"      Self time","0.0 ms (0%)","0.0 ms (0%)","1"
"     Self time","0.0 ms (0%)","0.0 ms (0%)","1"
"    Self time","0.0 ms (0%)","0.0 ms (0%)","1"
"   Self time","0.0 ms (0%)","0.0 ms (0%)","1"
"  Self time","0.0 ms (0%)","0.0 ms (0%)","1"
"webserver-36","54,602 ms (-0%)","0.0 ms (0%)","1"
" java.lang.Thread.run ()","54,602 ms (-0%)","0.0 ms (0%)","1"
"  org.eclipse.jetty.util.thread.QueuedThreadPool$Runner.run ()","54,602 ms (-0%)","0.0 ms (0%)","1"
"   org.eclipse.jetty.util.thread.QueuedThreadPool$Runner.doRunJob ()","54,602 ms (-0%)","0.0 ms (0%)","1"
"    org.eclipse.jetty.util.thread.QueuedThreadPool.runJob ()","54,602 ms (-0%)","0.0 ms (0%)","1"
"     org.eclipse.jetty.io.ManagedSelector$$Lambda$778.0x00000001004be040.run ()","54,602 ms (-0%)","0.0 ms (0%)","1"
"      org.eclipse.jetty.util.thread.strategy.AdaptiveExecutionStrategy.produce ()","54,602 ms (-0%)","0.0 ms (0%)","1"
"       org.eclipse.jetty.util.thread.strategy.AdaptiveExecutionStrategy.tryProduce ()","54,602 ms (-0%)","0.0 ms (0%)","1"
"        org.eclipse.jetty.util.thread.strategy.AdaptiveExecutionStrategy.produceTask ()","54,602 ms (-0%)","0.0 ms (0%)","1"
"         org.eclipse.jetty.io.ManagedSelector$SelectorProducer.produce ()","54,602 ms (-0%)","0.0 ms (0%)","1"
"          org.eclipse.jetty.io.ManagedSelector$SelectorProducer.select ()","54,602 ms (-0%)","0.0 ms (0%)","1"
"           org.eclipse.jetty.io.ManagedSelector.select ()","54,602 ms (-0%)","0.0 ms (0%)","1"
"            org.eclipse.jetty.io.ManagedSelector.nioSelect ()","54,602 ms (-0%)","0.0 ms (0%)","1"
"             sun.nio.ch.SelectorImpl.select ()","54,602 ms (-0%)","0.0 ms (0%)","1"
"             Self time","0.0 ms (0%)","0.0 ms (0%)","1"
"            Self time","0.0 ms (0%)","0.0 ms (0%)","1"
"           Self time","0.0 ms (0%)","0.0 ms (0%)","1"
"          Self time","0.0 ms (0%)","0.0 ms (0%)","1"
"         Self time","0.0 ms (0%)","0.0 ms (0%)","1"
"        Self time","0.0 ms (0%)","0.0 ms (0%)","1"
"       Self time","0.0 ms (0%)","0.0 ms (0%)","1"
"      Self time","0.0 ms (0%)","0.0 ms (0%)","1"
"     Self time","0.0 ms (0%)","0.0 ms (0%)","1"
"    Self time","0.0 ms (0%)","0.0 ms (0%)","1"
"   Self time","0.0 ms (0%)","0.0 ms (0%)","1"
"  Self time","0.0 ms (0%)","0.0 ms (0%)","1"
"webserver-37","54,602 ms (-0%)","0.0 ms (0%)","1"
" java.lang.Thread.run ()","54,602 ms (-0%)","0.0 ms (0%)","1"
"  org.eclipse.jetty.util.thread.QueuedThreadPool$Runner.run ()","54,602 ms (-0%)","0.0 ms (0%)","1"
"   org.eclipse.jetty.util.thread.QueuedThreadPool$Runner.doRunJob ()","54,602 ms (-0%)","0.0 ms (0%)","1"
"    org.eclipse.jetty.util.thread.QueuedThreadPool.runJob ()","54,602 ms (-0%)","0.0 ms (0%)","1"
"     org.eclipse.jetty.io.ManagedSelector$$Lambda$778.0x00000001004be040.run ()","54,602 ms (-0%)","0.0 ms (0%)","1"
"      org.eclipse.jetty.util.thread.strategy.AdaptiveExecutionStrategy.produce ()","54,602 ms (-0%)","0.0 ms (0%)","1"
"       org.eclipse.jetty.util.thread.strategy.AdaptiveExecutionStrategy.tryProduce ()","54,602 ms (-0%)","0.0 ms (0%)","1"
"        org.eclipse.jetty.util.thread.strategy.AdaptiveExecutionStrategy.produceTask ()","54,602 ms (-0%)","0.0 ms (0%)","1"
"         org.eclipse.jetty.io.ManagedSelector$SelectorProducer.produce ()","54,602 ms (-0%)","0.0 ms (0%)","1"
"          org.eclipse.jetty.io.ManagedSelector$SelectorProducer.select ()","54,602 ms (-0%)","0.0 ms (0%)","1"
"           org.eclipse.jetty.io.ManagedSelector.select ()","54,602 ms (-0%)","0.0 ms (0%)","1"
"            org.eclipse.jetty.io.ManagedSelector.nioSelect ()","54,602 ms (-0%)","0.0 ms (0%)","1"
"             sun.nio.ch.SelectorImpl.select ()","54,602 ms (-0%)","0.0 ms (0%)","1"
"             Self time","0.0 ms (0%)","0.0 ms (0%)","1"
"            Self time","0.0 ms (0%)","0.0 ms (0%)","1"
"           Self time","0.0 ms (0%)","0.0 ms (0%)","1"
"          Self time","0.0 ms (0%)","0.0 ms (0%)","1"
"         Self time","0.0 ms (0%)","0.0 ms (0%)","1"
"        Self time","0.0 ms (0%)","0.0 ms (0%)","1"
"       Self time","0.0 ms (0%)","0.0 ms (0%)","1"
"      Self time","0.0 ms (0%)","0.0 ms (0%)","1"
"     Self time","0.0 ms (0%)","0.0 ms (0%)","1"
"    Self time","0.0 ms (0%)","0.0 ms (0%)","1"
"   Self time","0.0 ms (0%)","0.0 ms (0%)","1"
"  Self time","0.0 ms (0%)","0.0 ms (0%)","1"
"webserver-38-acceptor-0@50537b5b-ServerConnector@40502b6c{HTTP/1.1,  (http/1.1)}{0.0.0.0:8088}","54,602 ms (-0%)","0.0 ms (0%)","1"
" java.lang.Thread.run ()","54,602 ms (-0%)","0.0 ms (0%)","1"
"  org.eclipse.jetty.util.thread.QueuedThreadPool$Runner.run ()","54,602 ms (-0%)","0.0 ms (0%)","1"
"   org.eclipse.jetty.util.thread.QueuedThreadPool$Runner.doRunJob ()","54,602 ms (-0%)","0.0 ms (0%)","1"
"    org.eclipse.jetty.util.thread.QueuedThreadPool.runJob ()","54,602 ms (-0%)","0.0 ms (0%)","1"
"     org.eclipse.jetty.server.AbstractConnector$Acceptor.run ()","54,602 ms (-0%)","0.0 ms (0%)","1"
"      org.eclipse.jetty.server.ServerConnector.accept ()","54,602 ms (-0%)","0.0 ms (0%)","1"
"       sun.nio.ch.ServerSocketChannelImpl.accept ()","54,602 ms (-0%)","0.0 ms (0%)","1"
"       Self time","0.0 ms (0%)","0.0 ms (0%)","1"
"      Self time","0.0 ms (0%)","0.0 ms (0%)","1"
"     Self time","0.0 ms (0%)","0.0 ms (0%)","1"
"    Self time","0.0 ms (0%)","0.0 ms (0%)","1"
"   Self time","0.0 ms (0%)","0.0 ms (0%)","1"
"  Self time","0.0 ms (0%)","0.0 ms (0%)","1"
"webserver-39","54,602 ms (-0%)","0.0 ms (0%)","1"
" java.lang.Thread.run ()","54,602 ms (-0%)","0.0 ms (0%)","1"
"  org.eclipse.jetty.util.thread.QueuedThreadPool$Runner.run ()","54,602 ms (-0%)","0.0 ms (0%)","1"
"   org.eclipse.jetty.util.thread.QueuedThreadPool$Runner.doRunJob ()","54,602 ms (-0%)","0.0 ms (0%)","1"
"    org.eclipse.jetty.util.thread.QueuedThreadPool.runJob ()","54,602 ms (-0%)","0.0 ms (0%)","1"
"     org.eclipse.jetty.io.ManagedSelector$$Lambda$778.0x00000001004be040.run ()","54,602 ms (-0%)","0.0 ms (0%)","1"
"      org.eclipse.jetty.util.thread.strategy.AdaptiveExecutionStrategy.produce ()","54,602 ms (-0%)","0.0 ms (0%)","1"
"       org.eclipse.jetty.util.thread.strategy.AdaptiveExecutionStrategy.tryProduce ()","54,602 ms (-0%)","0.0 ms (0%)","1"
"        org.eclipse.jetty.util.thread.strategy.AdaptiveExecutionStrategy.produceTask ()","54,602 ms (-0%)","0.0 ms (0%)","1"
"         org.eclipse.jetty.io.ManagedSelector$SelectorProducer.produce ()","54,602 ms (-0%)","0.0 ms (0%)","1"
"          org.eclipse.jetty.io.ManagedSelector$SelectorProducer.select ()","54,602 ms (-0%)","0.0 ms (0%)","1"
"           org.eclipse.jetty.io.ManagedSelector.select ()","54,602 ms (-0%)","0.0 ms (0%)","1"
"            org.eclipse.jetty.io.ManagedSelector.nioSelect ()","54,602 ms (-0%)","0.0 ms (0%)","1"
"             sun.nio.ch.SelectorImpl.select ()","54,602 ms (-0%)","0.0 ms (0%)","1"
"             Self time","0.0 ms (0%)","0.0 ms (0%)","1"
"            Self time","0.0 ms (0%)","0.0 ms (0%)","1"
"           Self time","0.0 ms (0%)","0.0 ms (0%)","1"
"          Self time","0.0 ms (0%)","0.0 ms (0%)","1"
"         Self time","0.0 ms (0%)","0.0 ms (0%)","1"
"        Self time","0.0 ms (0%)","0.0 ms (0%)","1"
"       Self time","0.0 ms (0%)","0.0 ms (0%)","1"
"      Self time","0.0 ms (0%)","0.0 ms (0%)","1"
"     Self time","0.0 ms (0%)","0.0 ms (0%)","1"
"    Self time","0.0 ms (0%)","0.0 ms (0%)","1"
"   Self time","0.0 ms (0%)","0.0 ms (0%)","1"
"  Self time","0.0 ms (0%)","0.0 ms (0%)","1"
"webserver-40","54,602 ms (-0%)","0.0 ms (0%)","1"
" java.lang.Thread.run ()","54,602 ms (-0%)","0.0 ms (0%)","1"
"  org.eclipse.jetty.util.thread.QueuedThreadPool$Runner.run ()","54,602 ms (-0%)","0.0 ms (0%)","1"
"   org.eclipse.jetty.util.thread.QueuedThreadPool$Runner.doRunJob ()","54,602 ms (-0%)","0.0 ms (0%)","1"
"    org.eclipse.jetty.util.thread.QueuedThreadPool.runJob ()","54,602 ms (-0%)","0.0 ms (0%)","1"
"     org.eclipse.jetty.io.ManagedSelector$$Lambda$778.0x00000001004be040.run ()","54,602 ms (-0%)","0.0 ms (0%)","1"
"      org.eclipse.jetty.util.thread.strategy.AdaptiveExecutionStrategy.produce ()","54,602 ms (-0%)","0.0 ms (0%)","1"
"       org.eclipse.jetty.util.thread.strategy.AdaptiveExecutionStrategy.tryProduce ()","54,602 ms (-0%)","0.0 ms (0%)","1"
"        org.eclipse.jetty.util.thread.strategy.AdaptiveExecutionStrategy.produceTask ()","54,602 ms (-0%)","0.0 ms (0%)","1"
"         org.eclipse.jetty.io.ManagedSelector$SelectorProducer.produce ()","54,602 ms (-0%)","0.0 ms (0%)","1"
"          org.eclipse.jetty.io.ManagedSelector$SelectorProducer.select ()","54,602 ms (-0%)","0.0 ms (0%)","1"
"           org.eclipse.jetty.io.ManagedSelector.select ()","54,602 ms (-0%)","0.0 ms (0%)","1"
"            org.eclipse.jetty.io.ManagedSelector.nioSelect ()","54,602 ms (-0%)","0.0 ms (0%)","1"
"             sun.nio.ch.SelectorImpl.select ()","54,602 ms (-0%)","0.0 ms (0%)","1"
"             Self time","0.0 ms (0%)","0.0 ms (0%)","1"
"            Self time","0.0 ms (0%)","0.0 ms (0%)","1"
"           Self time","0.0 ms (0%)","0.0 ms (0%)","1"
"          Self time","0.0 ms (0%)","0.0 ms (0%)","1"
"         Self time","0.0 ms (0%)","0.0 ms (0%)","1"
"        Self time","0.0 ms (0%)","0.0 ms (0%)","1"
"       Self time","0.0 ms (0%)","0.0 ms (0%)","1"
"      Self time","0.0 ms (0%)","0.0 ms (0%)","1"
"     Self time","0.0 ms (0%)","0.0 ms (0%)","1"
"    Self time","0.0 ms (0%)","0.0 ms (0%)","1"
"   Self time","0.0 ms (0%)","0.0 ms (0%)","1"
"  Self time","0.0 ms (0%)","0.0 ms (0%)","1"
"webserver-48","54,602 ms (-0%)","0.0 ms (0%)","1"
" java.lang.Thread.run ()","54,602 ms (-0%)","0.0 ms (0%)","1"
"  org.eclipse.jetty.util.thread.QueuedThreadPool$Runner.run ()","54,602 ms (-0%)","0.0 ms (0%)","1"
"   org.eclipse.jetty.util.thread.QueuedThreadPool$Runner.doRunJob ()","54,602 ms (-0%)","0.0 ms (0%)","1"
"    org.eclipse.jetty.util.thread.QueuedThreadPool.runJob ()","54,602 ms (-0%)","0.0 ms (0%)","1"
"     org.eclipse.jetty.io.ManagedSelector$$Lambda$778.0x00000001004be040.run ()","54,602 ms (-0%)","0.0 ms (0%)","1"
"      org.eclipse.jetty.util.thread.strategy.AdaptiveExecutionStrategy.produce ()","54,602 ms (-0%)","0.0 ms (0%)","1"
"       org.eclipse.jetty.util.thread.strategy.AdaptiveExecutionStrategy.tryProduce ()","54,602 ms (-0%)","0.0 ms (0%)","1"
"        org.eclipse.jetty.util.thread.strategy.AdaptiveExecutionStrategy.produceTask ()","54,602 ms (-0%)","0.0 ms (0%)","1"
"         org.eclipse.jetty.io.ManagedSelector$SelectorProducer.produce ()","54,602 ms (-0%)","0.0 ms (0%)","1"
"          org.eclipse.jetty.io.ManagedSelector$SelectorProducer.select ()","54,602 ms (-0%)","0.0 ms (0%)","1"
"           org.eclipse.jetty.io.ManagedSelector.select ()","54,602 ms (-0%)","0.0 ms (0%)","1"
"            org.eclipse.jetty.io.ManagedSelector.nioSelect ()","54,602 ms (-0%)","0.0 ms (0%)","1"
"             sun.nio.ch.SelectorImpl.select ()","54,602 ms (-0%)","0.0 ms (0%)","1"
"             Self time","0.0 ms (0%)","0.0 ms (0%)","1"
"            Self time","0.0 ms (0%)","0.0 ms (0%)","1"
"           Self time","0.0 ms (0%)","0.0 ms (0%)","1"
"          Self time","0.0 ms (0%)","0.0 ms (0%)","1"
"         Self time","0.0 ms (0%)","0.0 ms (0%)","1"
"        Self time","0.0 ms (0%)","0.0 ms (0%)","1"
"       Self time","0.0 ms (0%)","0.0 ms (0%)","1"
"      Self time","0.0 ms (0%)","0.0 ms (0%)","1"
"     Self time","0.0 ms (0%)","0.0 ms (0%)","1"
"    Self time","0.0 ms (0%)","0.0 ms (0%)","1"
"   Self time","0.0 ms (0%)","0.0 ms (0%)","1"
"  Self time","0.0 ms (0%)","0.0 ms (0%)","1"
"webserver-49","54,602 ms (-0%)","0.0 ms (0%)","1"
" java.lang.Thread.run ()","54,602 ms (-0%)","0.0 ms (0%)","1"
"  org.eclipse.jetty.util.thread.QueuedThreadPool$Runner.run ()","54,602 ms (-0%)","0.0 ms (0%)","1"
"   org.eclipse.jetty.util.thread.QueuedThreadPool$Runner.doRunJob ()","54,602 ms (-0%)","0.0 ms (0%)","1"
"    org.eclipse.jetty.util.thread.QueuedThreadPool.runJob ()","54,602 ms (-0%)","0.0 ms (0%)","1"
"     org.eclipse.jetty.io.ManagedSelector$$Lambda$778.0x00000001004be040.run ()","54,602 ms (-0%)","0.0 ms (0%)","1"
"      org.eclipse.jetty.util.thread.strategy.AdaptiveExecutionStrategy.produce ()","54,602 ms (-0%)","0.0 ms (0%)","1"
"       org.eclipse.jetty.util.thread.strategy.AdaptiveExecutionStrategy.tryProduce ()","54,602 ms (-0%)","0.0 ms (0%)","1"
"        org.eclipse.jetty.util.thread.strategy.AdaptiveExecutionStrategy.produceTask ()","54,602 ms (-0%)","0.0 ms (0%)","1"
"         org.eclipse.jetty.io.ManagedSelector$SelectorProducer.produce ()","54,602 ms (-0%)","0.0 ms (0%)","1"
"          org.eclipse.jetty.io.ManagedSelector$SelectorProducer.select ()","54,602 ms (-0%)","0.0 ms (0%)","1"
"           org.eclipse.jetty.io.ManagedSelector.select ()","54,602 ms (-0%)","0.0 ms (0%)","1"
"            org.eclipse.jetty.io.ManagedSelector.nioSelect ()","54,602 ms (-0%)","0.0 ms (0%)","1"
"             sun.nio.ch.SelectorImpl.select ()","54,602 ms (-0%)","0.0 ms (0%)","1"
"             Self time","0.0 ms (0%)","0.0 ms (0%)","1"
"            Self time","0.0 ms (0%)","0.0 ms (0%)","1"
"           Self time","0.0 ms (0%)","0.0 ms (0%)","1"
"          Self time","0.0 ms (0%)","0.0 ms (0%)","1"
"         Self time","0.0 ms (0%)","0.0 ms (0%)","1"
"        Self time","0.0 ms (0%)","0.0 ms (0%)","1"
"       Self time","0.0 ms (0%)","0.0 ms (0%)","1"
"      Self time","0.0 ms (0%)","0.0 ms (0%)","1"
"     Self time","0.0 ms (0%)","0.0 ms (0%)","1"
"    Self time","0.0 ms (0%)","0.0 ms (0%)","1"
"   Self time","0.0 ms (0%)","0.0 ms (0%)","1"
"  Self time","0.0 ms (0%)","0.0 ms (0%)","1"
"webserver-50","54,602 ms (-0%)","0.0 ms (0%)","1"
" java.lang.Thread.run ()","54,602 ms (-0%)","0.0 ms (0%)","1"
"  org.eclipse.jetty.util.thread.QueuedThreadPool$Runner.run ()","54,602 ms (-0%)","0.0 ms (0%)","1"
"   org.eclipse.jetty.util.thread.QueuedThreadPool$Runner.doRunJob ()","54,602 ms (-0%)","0.0 ms (0%)","1"
"    org.eclipse.jetty.util.thread.QueuedThreadPool.runJob ()","54,602 ms (-0%)","0.0 ms (0%)","1"
"     org.eclipse.jetty.io.ManagedSelector$$Lambda$778.0x00000001004be040.run ()","54,602 ms (-0%)","0.0 ms (0%)","1"
"      org.eclipse.jetty.util.thread.strategy.AdaptiveExecutionStrategy.produce ()","54,602 ms (-0%)","0.0 ms (0%)","1"
"       org.eclipse.jetty.util.thread.strategy.AdaptiveExecutionStrategy.tryProduce ()","54,602 ms (-0%)","0.0 ms (0%)","1"
"        org.eclipse.jetty.util.thread.strategy.AdaptiveExecutionStrategy.produceTask ()","54,602 ms (-0%)","0.0 ms (0%)","1"
"         org.eclipse.jetty.io.ManagedSelector$SelectorProducer.produce ()","54,602 ms (-0%)","0.0 ms (0%)","1"
"          org.eclipse.jetty.io.ManagedSelector$SelectorProducer.select ()","54,602 ms (-0%)","0.0 ms (0%)","1"
"           org.eclipse.jetty.io.ManagedSelector.select ()","54,602 ms (-0%)","0.0 ms (0%)","1"
"            org.eclipse.jetty.io.ManagedSelector.nioSelect ()","54,602 ms (-0%)","0.0 ms (0%)","1"
"             sun.nio.ch.SelectorImpl.select ()","54,602 ms (-0%)","0.0 ms (0%)","1"
"             Self time","0.0 ms (0%)","0.0 ms (0%)","1"
"            Self time","0.0 ms (0%)","0.0 ms (0%)","1"
"           Self time","0.0 ms (0%)","0.0 ms (0%)","1"
"          Self time","0.0 ms (0%)","0.0 ms (0%)","1"
"         Self time","0.0 ms (0%)","0.0 ms (0%)","1"
"        Self time","0.0 ms (0%)","0.0 ms (0%)","1"
"       Self time","0.0 ms (0%)","0.0 ms (0%)","1"
"      Self time","0.0 ms (0%)","0.0 ms (0%)","1"
"     Self time","0.0 ms (0%)","0.0 ms (0%)","1"
"    Self time","0.0 ms (0%)","0.0 ms (0%)","1"
"   Self time","0.0 ms (0%)","0.0 ms (0%)","1"
"  Self time","0.0 ms (0%)","0.0 ms (0%)","1"
"webserver-51-acceptor-0@1076e532-ServerConnector@3f0452d0{SSL,  (ssl, http/1.1)}{0.0.0.0:8060}","54,602 ms (-0%)","0.0 ms (0%)","1"
" java.lang.Thread.run ()","54,602 ms (-0%)","0.0 ms (0%)","1"
"  org.eclipse.jetty.util.thread.QueuedThreadPool$Runner.run ()","54,602 ms (-0%)","0.0 ms (0%)","1"
"   org.eclipse.jetty.util.thread.QueuedThreadPool$Runner.doRunJob ()","54,602 ms (-0%)","0.0 ms (0%)","1"
"    org.eclipse.jetty.util.thread.QueuedThreadPool.runJob ()","54,602 ms (-0%)","0.0 ms (0%)","1"
"     org.eclipse.jetty.server.AbstractConnector$Acceptor.run ()","54,602 ms (-0%)","0.0 ms (0%)","1"
"      org.eclipse.jetty.server.ServerConnector.accept ()","54,602 ms (-0%)","0.0 ms (0%)","1"
"       sun.nio.ch.ServerSocketChannelImpl.accept ()","54,602 ms (-0%)","0.0 ms (0%)","1"
"       Self time","0.0 ms (0%)","0.0 ms (0%)","1"
"      Self time","0.0 ms (0%)","0.0 ms (0%)","1"
"     Self time","0.0 ms (0%)","0.0 ms (0%)","1"
"    Self time","0.0 ms (0%)","0.0 ms (0%)","1"
"   Self time","0.0 ms (0%)","0.0 ms (0%)","1"
"  Self time","0.0 ms (0%)","0.0 ms (0%)","1"
"server-trust-manager-1","54,602 ms (-0%)","0.0 ms (0%)","1"
" java.lang.Thread.run ()","54,602 ms (-0%)","0.0 ms (0%)","1"
"  com.inductiveautomation.metro.pki.GatewayNetworkTrustListManager$Watcher.run ()","54,602 ms (-0%)","0.0 ms (0%)","1"
"   sun.nio.fs.AbstractWatchService.take ()","54,602 ms (-0%)","0.0 ms (0%)","1"
"   Self time","0.0 ms (0%)","0.0 ms (0%)","1"
"  Self time","0.0 ms (0%)","0.0 ms (0%)","1"
"client-trust-manager-1","54,602 ms (-0%)","0.0 ms (0%)","1"
" java.lang.Thread.run ()","54,602 ms (-0%)","0.0 ms (0%)","1"
"  com.inductiveautomation.metro.pki.GatewayNetworkTrustListManager$Watcher.run ()","54,602 ms (-0%)","0.0 ms (0%)","1"
"   sun.nio.fs.AbstractWatchService.take ()","54,602 ms (-0%)","0.0 ms (0%)","1"
"   Self time","0.0 ms (0%)","0.0 ms (0%)","1"
"  Self time","0.0 ms (0%)","0.0 ms (0%)","1"
"com.jniwrapper.NativeResourceCollector","54,602 ms (-0%)","0.0 ms (0%)","1"
" com.jniwrapper.a.run ()","54,602 ms (-0%)","0.0 ms (0%)","1"
"  java.lang.ref.ReferenceQueue.remove ()","54,602 ms (-0%)","0.0 ms (0%)","1"
"  Self time","0.0 ms (0%)","0.0 ms (0%)","1"
"Main message loop","54,602 ms (-0%)","54,602 ms (-0%)","1"
" com.jniwrapper.win32.MessageLoopThread$LoopThread.run ()","54,602 ms (-0%)","54,602 ms (-0%)","1"
"  com.jniwrapper.Function.invoke ()","54,602 ms (-0%)","54,602 ms (-0%)","1"
"   com.jniwrapper.Function.invoke ()","54,602 ms (-0%)","54,602 ms (-0%)","1"
"    com.jniwrapper.FunctionCall.call ()","54,602 ms (-0%)","54,602 ms (-0%)","1"
"     com.jniwrapper.FunctionCall.a ()","54,602 ms (-0%)","54,602 ms (-0%)","1"
"      com.jniwrapper.Function.invokeCFunc[native] ()","54,602 ms (-0%)","54,602 ms (-0%)","1"
"      Self time","0.0 ms (0%)","0.0 ms (0%)","1"
"     Self time","0.0 ms (0%)","0.0 ms (0%)","1"
"    Self time","0.0 ms (0%)","0.0 ms (0%)","1"
"   Self time","0.0 ms (0%)","0.0 ms (0%)","1"
"  Self time","0.0 ms (0%)","0.0 ms (0%)","1"
"certificate-store-watcher","54,602 ms (-0%)","0.0 ms (0%)","1"
" java.lang.Thread.run ()","54,602 ms (-0%)","0.0 ms (0%)","1"
"  org.eclipse.milo.opcua.stack.core.security.DefaultTrustListManager$Watcher.run ()","54,602 ms (-0%)","0.0 ms (0%)","1"
"   sun.nio.fs.AbstractWatchService.take ()","54,602 ms (-0%)","0.0 ms (0%)","1"
"   Self time","0.0 ms (0%)","0.0 ms (0%)","1"
"  Self time","0.0 ms (0%)","0.0 ms (0%)","1"
"certificate-store-watcher","54,602 ms (-0%)","0.0 ms (0%)","1"
" java.lang.Thread.run ()","54,602 ms (-0%)","0.0 ms (0%)","1"
"  org.eclipse.milo.opcua.stack.core.security.DefaultTrustListManager$Watcher.run ()","54,602 ms (-0%)","0.0 ms (0%)","1"
"   sun.nio.fs.AbstractWatchService.take ()","54,602 ms (-0%)","0.0 ms (0%)","1"
"   Self time","0.0 ms (0%)","0.0 ms (0%)","1"
"  Self time","0.0 ms (0%)","0.0 ms (0%)","1"
"Connection evictor","54,602 ms (-0%)","0.0 ms (0%)","1"
" java.lang.Thread.run ()","54,602 ms (-0%)","0.0 ms (0%)","1"
"  org.apache.http.impl.client.IdleConnectionEvictor$1.run ()","54,602 ms (-0%)","0.0 ms (0%)","1"
"   java.lang.Thread.sleep[native] ()","54,602 ms (-0%)","0.0 ms (0%)","1"
"   Self time","0.0 ms (0%)","0.0 ms (0%)","1"
"  Self time","0.0 ms (0%)","0.0 ms (0%)","1"
"cron4j::scheduler[taskmanager]::timer[6eecc45832672f5118605dc5000001a0d48c416640e040de]","54,602 ms (-0%)","0.0 ms (0%)","1"
" it.sauronsoftware.cron4j.TimerThread.run ()","54,602 ms (-0%)","0.0 ms (0%)","1"
"  it.sauronsoftware.cron4j.TimerThread.safeSleep ()","54,602 ms (-0%)","0.0 ms (0%)","1"
"   java.lang.Thread.sleep[native] ()","54,602 ms (-0%)","0.0 ms (0%)","1"
"   Self time","0.0 ms (0%)","0.0 ms (0%)","1"
"  Self time","0.0 ms (0%)","0.0 ms (0%)","1"
"milo-netty-event-loop-0","54,602 ms (-0%)","0.0 ms (0%)","1"
" java.lang.Thread.run ()","54,602 ms (-0%)","0.0 ms (0%)","1"
"  io.netty.util.internal.ThreadExecutorMap$2.run ()","54,602 ms (-0%)","0.0 ms (0%)","1"
"   io.netty.util.concurrent.SingleThreadEventExecutor$4.run ()","54,602 ms (-0%)","0.0 ms (0%)","1"
"    io.netty.channel.nio.NioEventLoop.run ()","54,602 ms (-0%)","0.0 ms (0%)","1"
"     io.netty.channel.nio.NioEventLoop.select ()","54,602 ms (-0%)","0.0 ms (0%)","1"
"      io.netty.channel.nio.SelectedSelectionKeySetSelector.select ()","54,602 ms (-0%)","0.0 ms (0%)","1"
"       sun.nio.ch.SelectorImpl.select ()","54,602 ms (-0%)","0.0 ms (0%)","1"
"       Self time","0.0 ms (0%)","0.0 ms (0%)","1"
"      Self time","0.0 ms (0%)","0.0 ms (0%)","1"
"     Self time","0.0 ms (0%)","0.0 ms (0%)","1"
"    Self time","0.0 ms (0%)","0.0 ms (0%)","1"
"   Self time","0.0 ms (0%)","0.0 ms (0%)","1"
"  Self time","0.0 ms (0%)","0.0 ms (0%)","1"
"milo-netty-wheel-timer","54,602 ms (-0%)","594 ms (-0%)","1"
" java.lang.Thread.run ()","54,602 ms (-0%)","594 ms (-0%)","1"
"  io.netty.util.HashedWheelTimer$Worker.run ()","54,602 ms (-0%)","594 ms (-0%)","1"
"   io.netty.util.HashedWheelTimer$Worker.waitForNextTick ()","54,108 ms (-0%)","100 ms (-0%)","6"
"    java.lang.Thread.sleep[native] ()","54,007 ms (-0%)","0.0 ms (0%)","7"
"    Self time","100 ms (-0%)","100 ms (-0%)","6"
"   Self time","297 ms (-0%)","297 ms (-0%)","1"
"   io.netty.util.HashedWheelTimer$Worker.transferTimeoutsToBuckets ()","196 ms (-0%)","196 ms (-0%)","2"
"  Self time","0.0 ms (0%)","0.0 ms (0%)","1"
"milo-netty-event-loop-1","54,602 ms (-0%)","0.0 ms (0%)","1"
" java.lang.Thread.run ()","54,602 ms (-0%)","0.0 ms (0%)","1"
"  io.netty.util.internal.ThreadExecutorMap$2.run ()","54,602 ms (-0%)","0.0 ms (0%)","1"
"   io.netty.util.concurrent.SingleThreadEventExecutor$4.run ()","54,602 ms (-0%)","0.0 ms (0%)","1"
"    io.netty.channel.nio.NioEventLoop.run ()","54,602 ms (-0%)","0.0 ms (0%)","1"
"     io.netty.channel.nio.NioEventLoop.select ()","54,602 ms (-0%)","0.0 ms (0%)","1"
"      io.netty.channel.nio.SelectedSelectionKeySetSelector.select ()","54,602 ms (-0%)","0.0 ms (0%)","1"
"       sun.nio.ch.SelectorImpl.select ()","54,602 ms (-0%)","0.0 ms (0%)","1"
"       Self time","0.0 ms (0%)","0.0 ms (0%)","1"
"      Self time","0.0 ms (0%)","0.0 ms (0%)","1"
"     Self time","0.0 ms (0%)","0.0 ms (0%)","1"
"    Self time","0.0 ms (0%)","0.0 ms (0%)","1"
"   Self time","0.0 ms (0%)","0.0 ms (0%)","1"
"  Self time","0.0 ms (0%)","0.0 ms (0%)","1"
"milo-netty-event-loop-2","54,602 ms (-0%)","0.0 ms (0%)","1"
" java.lang.Thread.run ()","54,602 ms (-0%)","0.0 ms (0%)","1"
"  io.netty.util.internal.ThreadExecutorMap$2.run ()","54,602 ms (-0%)","0.0 ms (0%)","1"
"   io.netty.util.concurrent.SingleThreadEventExecutor$4.run ()","54,602 ms (-0%)","0.0 ms (0%)","1"
"    io.netty.channel.nio.NioEventLoop.run ()","54,602 ms (-0%)","0.0 ms (0%)","1"
"     io.netty.channel.nio.NioEventLoop.select ()","54,602 ms (-0%)","0.0 ms (0%)","1"
"      io.netty.channel.nio.SelectedSelectionKeySetSelector.select ()","54,602 ms (-0%)","0.0 ms (0%)","1"
"       sun.nio.ch.SelectorImpl.select ()","54,602 ms (-0%)","0.0 ms (0%)","1"
"       Self time","0.0 ms (0%)","0.0 ms (0%)","1"
"      Self time","0.0 ms (0%)","0.0 ms (0%)","1"
"     Self time","0.0 ms (0%)","0.0 ms (0%)","1"
"    Self time","0.0 ms (0%)","0.0 ms (0%)","1"
"   Self time","0.0 ms (0%)","0.0 ms (0%)","1"
"  Self time","0.0 ms (0%)","0.0 ms (0%)","1"
"milo-netty-event-loop-3","54,602 ms (-0%)","0.0 ms (0%)","1"
" java.lang.Thread.run ()","54,602 ms (-0%)","0.0 ms (0%)","1"
"  io.netty.util.internal.ThreadExecutorMap$2.run ()","54,602 ms (-0%)","0.0 ms (0%)","1"
"   io.netty.util.concurrent.SingleThreadEventExecutor$4.run ()","54,602 ms (-0%)","0.0 ms (0%)","1"
"    io.netty.channel.nio.NioEventLoop.run ()","54,602 ms (-0%)","0.0 ms (0%)","1"
"     io.netty.channel.nio.NioEventLoop.select ()","54,602 ms (-0%)","0.0 ms (0%)","1"
"      io.netty.channel.nio.SelectedSelectionKeySetSelector.select ()","54,602 ms (-0%)","0.0 ms (0%)","1"
"       sun.nio.ch.SelectorImpl.select ()","54,602 ms (-0%)","0.0 ms (0%)","1"
"       Self time","0.0 ms (0%)","0.0 ms (0%)","1"
"      Self time","0.0 ms (0%)","0.0 ms (0%)","1"
"     Self time","0.0 ms (0%)","0.0 ms (0%)","1"
"    Self time","0.0 ms (0%)","0.0 ms (0%)","1"
"   Self time","0.0 ms (0%)","0.0 ms (0%)","1"
"  Self time","0.0 ms (0%)","0.0 ms (0%)","1"
"milo-netty-event-loop-4","54,602 ms (-0%)","0.0 ms (0%)","1"
" java.lang.Thread.run ()","54,602 ms (-0%)","0.0 ms (0%)","1"
"  io.netty.util.internal.ThreadExecutorMap$2.run ()","54,602 ms (-0%)","0.0 ms (0%)","1"
"   io.netty.util.concurrent.SingleThreadEventExecutor$4.run ()","54,602 ms (-0%)","0.0 ms (0%)","1"
"    io.netty.channel.nio.NioEventLoop.run ()","54,602 ms (-0%)","0.0 ms (0%)","1"
"     io.netty.channel.nio.NioEventLoop.select ()","54,602 ms (-0%)","0.0 ms (0%)","1"
"      io.netty.channel.nio.SelectedSelectionKeySetSelector.select ()","54,602 ms (-0%)","0.0 ms (0%)","1"
"       sun.nio.ch.SelectorImpl.select ()","54,602 ms (-0%)","0.0 ms (0%)","1"
"       Self time","0.0 ms (0%)","0.0 ms (0%)","1"
"      Self time","0.0 ms (0%)","0.0 ms (0%)","1"
"     Self time","0.0 ms (0%)","0.0 ms (0%)","1"
"    Self time","0.0 ms (0%)","0.0 ms (0%)","1"
"   Self time","0.0 ms (0%)","0.0 ms (0%)","1"
"  Self time","0.0 ms (0%)","0.0 ms (0%)","1"
"gateway-scripts-pylib-watcher","54,602 ms (-0%)","0.0 ms (0%)","1"
" java.lang.Thread.run ()","54,602 ms (-0%)","0.0 ms (0%)","1"
"  com.inductiveautomation.ignition.gateway.ThirdPartyScriptModulesChangeListener.run ()","54,602 ms (-0%)","0.0 ms (0%)","1"
"   sun.nio.fs.AbstractWatchService.take ()","54,602 ms (-0%)","0.0 ms (0%)","1"
"   Self time","0.0 ms (0%)","0.0 ms (0%)","1"
"  Self time","0.0 ms (0%)","0.0 ms (0%)","1"
"gateway-performance-clockdrift-detector","54,602 ms (-0%)","0.0 ms (0%)","1"
" java.lang.Thread.run ()","54,602 ms (-0%)","0.0 ms (0%)","1"
"  com.inductiveautomation.ignition.gateway.ClockDriftDetector.run ()","54,602 ms (-0%)","0.0 ms (0%)","1"
"   java.lang.Thread.sleep[native] ()","54,602 ms (-0%)","0.0 ms (0%)","1"
"   Self time","0.0 ms (0%)","0.0 ms (0%)","1"
"  Self time","0.0 ms (0%)","0.0 ms (0%)","1"
"perspective-worker-1","54,602 ms (-0%)","0.0 ms (0%)","1"
" java.lang.Thread.run ()","54,602 ms (-0%)","0.0 ms (0%)","1"
"  com.inductiveautomation.perspective.gateway.threading.BlockingWork$BlockingWorkRunnable.run ()","54,602 ms (-0%)","0.0 ms (0%)","1"
"   java.util.concurrent.ThreadPoolExecutor$Worker.run ()","54,602 ms (-0%)","0.0 ms (0%)","1"
"   Self time","0.0 ms (0%)","0.0 ms (0%)","1"
"  Self time","0.0 ms (0%)","0.0 ms (0%)","1"
"gateway-shared-exec-engine-5","3,996 ms (-0%)","3,996 ms (-0%)","1"
" java.lang.Thread.run ()","3,996 ms (-0%)","3,996 ms (-0%)","1"
"  java.util.concurrent.ThreadPoolExecutor$Worker.run ()","3,996 ms (-0%)","3,996 ms (-0%)","1"
"   java.util.concurrent.ThreadPoolExecutor.runWorker ()","3,996 ms (-0%)","3,996 ms (-0%)","1"
"    java.util.concurrent.ScheduledThreadPoolExecutor$ScheduledFutureTask.run ()","3,996 ms (-0%)","3,996 ms (-0%)","1"
"     java.util.concurrent.FutureTask.runAndReset ()","3,996 ms (-0%)","3,996 ms (-0%)","1"
"      java.util.concurrent.Executors$RunnableAdapter.call ()","3,996 ms (-0%)","3,996 ms (-0%)","1"
"       com.inductiveautomation.ignition.common.execution.impl.BasicExecutionEngine$TrackedTask.run ()","3,996 ms (-0%)","3,996 ms (-0%)","1"
"        com.inductiveautomation.ignition.gateway.licensing.HaspActivationStrategy$$Lambda$825.0x0000000100515ae0.run ()","3,996 ms (-0%)","3,996 ms (-0%)","1"
"         com.inductiveautomation.ignition.gateway.licensing.HaspActivationStrategy.check ()","3,996 ms (-0%)","3,996 ms (-0%)","1"
"          com.inductiveautomation.ignition.gateway.licensing.HaspActivationStrategy.readLicenseFromHasp ()","3,996 ms (-0%)","3,996 ms (-0%)","1"
"           Aladdin.Hasp.login ()","3,996 ms (-0%)","3,996 ms (-0%)","1"
"            Aladdin.Hasp.Login[native] ()","3,996 ms (-0%)","3,996 ms (-0%)","1"
"            Self time","0.0 ms (0%)","0.0 ms (0%)","1"
"           Self time","0.0 ms (0%)","0.0 ms (0%)","1"
"          Self time","0.0 ms (0%)","0.0 ms (0%)","1"
"         Self time","0.0 ms (0%)","0.0 ms (0%)","1"
"        Self time","0.0 ms (0%)","0.0 ms (0%)","1"
"       Self time","0.0 ms (0%)","0.0 ms (0%)","1"
"      Self time","0.0 ms (0%)","0.0 ms (0%)","1"
"     Self time","0.0 ms (0%)","0.0 ms (0%)","1"
"    Self time","0.0 ms (0%)","0.0 ms (0%)","1"
"   Self time","0.0 ms (0%)","0.0 ms (0%)","1"
"  Self time","0.0 ms (0%)","0.0 ms (0%)","1"
"gateway-shared-exec-engine-2","101 ms (-0%)","101 ms (-0%)","1"
" java.lang.Thread.run ()","101 ms (-0%)","101 ms (-0%)","1"
"  java.util.concurrent.ThreadPoolExecutor$Worker.run ()","101 ms (-0%)","101 ms (-0%)","1"
"   java.util.concurrent.ThreadPoolExecutor.runWorker ()","101 ms (-0%)","101 ms (-0%)","1"
"    java.util.concurrent.ScheduledThreadPoolExecutor$ScheduledFutureTask.run ()","101 ms (-0%)","101 ms (-0%)","1"
"     java.util.concurrent.FutureTask.runAndReset ()","101 ms (-0%)","101 ms (-0%)","1"
"      java.util.concurrent.Executors$RunnableAdapter.call ()","101 ms (-0%)","101 ms (-0%)","1"
"       com.inductiveautomation.ignition.common.execution.impl.BasicExecutionEngine$TrackedTask.run ()","101 ms (-0%)","101 ms (-0%)","1"
"        com.inductiveautomation.ignition.gateway.IgnitionGateway$PerformanceStatusTagManager$$Lambda$3063.0x0000000100f82cc0.run ()","101 ms (-0%)","101 ms (-0%)","1"
"         com.inductiveautomation.ignition.gateway.IgnitionGateway$PerformanceStatusTagManager.refresh ()","101 ms (-0%)","101 ms (-0%)","1"
"          com.inductiveautomation.ignition.gateway.util.PerformanceMonitor.getCpuUsage ()","101 ms (-0%)","101 ms (-0%)","1"
"           com.inductiveautomation.ignition.gateway.util.PerformanceMonitor.updateThreads ()","101 ms (-0%)","101 ms (-0%)","1"
"            java.lang.management.ManagementFactory.getOperatingSystemMXBean ()","101 ms (-0%)","101 ms (-0%)","1"
"            Self time","0.0 ms (0%)","0.0 ms (0%)","1"
"           Self time","0.0 ms (0%)","0.0 ms (0%)","1"
"          Self time","0.0 ms (0%)","0.0 ms (0%)","1"
"         Self time","0.0 ms (0%)","0.0 ms (0%)","1"
"        Self time","0.0 ms (0%)","0.0 ms (0%)","1"
"       Self time","0.0 ms (0%)","0.0 ms (0%)","1"
"      Self time","0.0 ms (0%)","0.0 ms (0%)","1"
"     Self time","0.0 ms (0%)","0.0 ms (0%)","1"
"    Self time","0.0 ms (0%)","0.0 ms (0%)","1"
"   Self time","0.0 ms (0%)","0.0 ms (0%)","1"
"  Self time","0.0 ms (0%)","0.0 ms (0%)","1"
"gateway-shared-exec-engine-1","99.9 ms (-0%)","99.9 ms (-0%)","1"
" java.lang.Thread.run ()","99.9 ms (-0%)","99.9 ms (-0%)","1"
"  java.util.concurrent.ThreadPoolExecutor$Worker.run ()","99.9 ms (-0%)","99.9 ms (-0%)","1"
"   java.util.concurrent.ThreadPoolExecutor.runWorker ()","99.9 ms (-0%)","99.9 ms (-0%)","1"
"    java.util.concurrent.ScheduledThreadPoolExecutor$ScheduledFutureTask.run ()","99.9 ms (-0%)","99.9 ms (-0%)","1"
"     java.util.concurrent.FutureTask.runAndReset ()","99.9 ms (-0%)","99.9 ms (-0%)","1"
"      java.util.concurrent.Executors$RunnableAdapter.call ()","99.9 ms (-0%)","99.9 ms (-0%)","1"
"       com.inductiveautomation.ignition.common.execution.impl.BasicExecutionEngine$TrackedTask.run ()","99.9 ms (-0%)","99.9 ms (-0%)","1"
"        com.inductiveautomation.ignition.gateway.IgnitionGateway$PerformanceStatusTagManager$$Lambda$3063.0x0000000100f82cc0.run ()","99.9 ms (-0%)","99.9 ms (-0%)","1"
"         com.inductiveautomation.ignition.gateway.IgnitionGateway$PerformanceStatusTagManager.refresh ()","99.9 ms (-0%)","99.9 ms (-0%)","1"
"          java.io.File.getTotalSpace ()","99.9 ms (-0%)","99.9 ms (-0%)","1"
"          Self time","0.0 ms (0%)","0.0 ms (0%)","1"
"         Self time","0.0 ms (0%)","0.0 ms (0%)","1"
"        Self time","0.0 ms (0%)","0.0 ms (0%)","1"
"       Self time","0.0 ms (0%)","0.0 ms (0%)","1"
"      Self time","0.0 ms (0%)","0.0 ms (0%)","1"
"     Self time","0.0 ms (0%)","0.0 ms (0%)","1"
"    Self time","0.0 ms (0%)","0.0 ms (0%)","1"
"   Self time","0.0 ms (0%)","0.0 ms (0%)","1"
"  Self time","0.0 ms (0%)","0.0 ms (0%)","1"
"gateway-shared-exec-engine-3","96.3 ms (-0%)","96.3 ms (-0%)","1"
" java.lang.Thread.run ()","96.3 ms (-0%)","96.3 ms (-0%)","1"
"  java.util.concurrent.ThreadPoolExecutor$Worker.run ()","96.3 ms (-0%)","96.3 ms (-0%)","1"
"   java.util.concurrent.ThreadPoolExecutor.runWorker ()","96.3 ms (-0%)","96.3 ms (-0%)","1"
"    java.util.concurrent.ScheduledThreadPoolExecutor$ScheduledFutureTask.run ()","96.3 ms (-0%)","96.3 ms (-0%)","1"
"     java.util.concurrent.FutureTask.runAndReset ()","96.3 ms (-0%)","96.3 ms (-0%)","1"
"      java.util.concurrent.Executors$RunnableAdapter.call ()","96.3 ms (-0%)","96.3 ms (-0%)","1"
"       com.inductiveautomation.ignition.common.execution.impl.BasicExecutionEngine$TrackedTask.run ()","96.3 ms (-0%)","96.3 ms (-0%)","1"
"        com.inductiveautomation.ignition.gateway.IgnitionGateway$PerformanceStatusTagManager$$Lambda$3063.0x0000000100f82cc0.run ()","96.3 ms (-0%)","96.3 ms (-0%)","1"
"         com.inductiveautomation.ignition.gateway.IgnitionGateway$PerformanceStatusTagManager.refresh ()","96.3 ms (-0%)","96.3 ms (-0%)","1"
"          com.inductiveautomation.ignition.gateway.util.PerformanceMonitor.getCpuUsage ()","96.3 ms (-0%)","96.3 ms (-0%)","1"
"           com.sun.management.internal.OperatingSystemImpl.getProcessCpuLoad ()","96.3 ms (-0%)","96.3 ms (-0%)","1"
"           Self time","0.0 ms (0%)","0.0 ms (0%)","1"
"          Self time","0.0 ms (0%)","0.0 ms (0%)","1"
"         Self time","0.0 ms (0%)","0.0 ms (0%)","1"
"        Self time","0.0 ms (0%)","0.0 ms (0%)","1"
"       Self time","0.0 ms (0%)","0.0 ms (0%)","1"
"      Self time","0.0 ms (0%)","0.0 ms (0%)","1"
"     Self time","0.0 ms (0%)","0.0 ms (0%)","1"
"    Self time","0.0 ms (0%)","0.0 ms (0%)","1"
"   Self time","0.0 ms (0%)","0.0 ms (0%)","1"
"  Self time","0.0 ms (0%)","0.0 ms (0%)","1"
"gateway-performance-metric-history-1","95.4 ms (-0%)","95.4 ms (-0%)","1"
" java.lang.Thread.run ()","95.4 ms (-0%)","95.4 ms (-0%)","1"
"  java.util.concurrent.ThreadPoolExecutor$Worker.run ()","95.4 ms (-0%)","95.4 ms (-0%)","1"
"   java.util.concurrent.ThreadPoolExecutor.runWorker ()","95.4 ms (-0%)","95.4 ms (-0%)","1"
"    java.util.concurrent.ScheduledThreadPoolExecutor$ScheduledFutureTask.run ()","95.4 ms (-0%)","95.4 ms (-0%)","1"
"     java.util.concurrent.FutureTask.runAndReset ()","95.4 ms (-0%)","95.4 ms (-0%)","1"
"      java.util.concurrent.Executors$RunnableAdapter.call ()","95.4 ms (-0%)","95.4 ms (-0%)","1"
"       com.inductiveautomation.ignition.common.execution.impl.BasicExecutionEngine$TrackedTask.run ()","95.4 ms (-0%)","95.4 ms (-0%)","1"
"        com.inductiveautomation.ignition.gateway.metrics.MetricHistoryManagerImpl$MetricUpdate.run ()","95.4 ms (-0%)","95.4 ms (-0%)","1"
"         com.inductiveautomation.ignition.gateway.util.PerformanceMonitor$$Lambda$3064.0x0000000100f83148.getValue ()","95.4 ms (-0%)","95.4 ms (-0%)","1"
"          com.inductiveautomation.ignition.gateway.util.PerformanceMonitor.lambda$new$0 ()","95.4 ms (-0%)","95.4 ms (-0%)","1"
"           com.inductiveautomation.ignition.gateway.util.PerformanceMonitor.getCpuUsage ()","95.4 ms (-0%)","95.4 ms (-0%)","1"
"            com.sun.management.internal.OperatingSystemImpl.getProcessCpuLoad ()","95.4 ms (-0%)","95.4 ms (-0%)","1"
"            Self time","0.0 ms (0%)","0.0 ms (0%)","1"
"           Self time","0.0 ms (0%)","0.0 ms (0%)","1"
"          Self time","0.0 ms (0%)","0.0 ms (0%)","1"
"         Self time","0.0 ms (0%)","0.0 ms (0%)","1"
"        Self time","0.0 ms (0%)","0.0 ms (0%)","1"
"       Self time","0.0 ms (0%)","0.0 ms (0%)","1"
"      Self time","0.0 ms (0%)","0.0 ms (0%)","1"
"     Self time","0.0 ms (0%)","0.0 ms (0%)","1"
"    Self time","0.0 ms (0%)","0.0 ms (0%)","1"
"   Self time","0.0 ms (0%)","0.0 ms (0%)","1"
"  Self time","0.0 ms (0%)","0.0 ms (0%)","1"
"gateway-shared-exec-engine-9","93.0 ms (-0%)","93.0 ms (-0%)","1"
" java.lang.Thread.run ()","93.0 ms (-0%)","93.0 ms (-0%)","1"
"  java.util.concurrent.ThreadPoolExecutor$Worker.run ()","93.0 ms (-0%)","93.0 ms (-0%)","1"
"   java.util.concurrent.ThreadPoolExecutor.runWorker ()","93.0 ms (-0%)","93.0 ms (-0%)","1"
"    java.util.concurrent.ScheduledThreadPoolExecutor$ScheduledFutureTask.run ()","93.0 ms (-0%)","93.0 ms (-0%)","1"
"     java.util.concurrent.FutureTask.runAndReset ()","93.0 ms (-0%)","93.0 ms (-0%)","1"
"      java.util.concurrent.Executors$RunnableAdapter.call ()","93.0 ms (-0%)","93.0 ms (-0%)","1"
"       com.inductiveautomation.ignition.common.execution.impl.BasicExecutionEngine$TrackedTask.run ()","93.0 ms (-0%)","93.0 ms (-0%)","1"
"        com.inductiveautomation.ignition.gateway.multicast.MulticastScheduler.run ()","93.0 ms (-0%)","93.0 ms (-0%)","1"
"         com.inductiveautomation.ignition.gateway.multicast.MulticastScheduler.getMessage ()","93.0 ms (-0%)","93.0 ms (-0%)","1"
"          com.inductiveautomation.ignition.gateway.redundancy.RedundancyManagerImpl.getLocalAddress ()","93.0 ms (-0%)","93.0 ms (-0%)","1"
"           java.net.NetworkInterface.networkInterfaces ()","93.0 ms (-0%)","93.0 ms (-0%)","1"
"           Self time","0.0 ms (0%)","0.0 ms (0%)","1"
"          Self time","0.0 ms (0%)","0.0 ms (0%)","1"
"         Self time","0.0 ms (0%)","0.0 ms (0%)","1"
"        Self time","0.0 ms (0%)","0.0 ms (0%)","1"
"       Self time","0.0 ms (0%)","0.0 ms (0%)","1"
"      Self time","0.0 ms (0%)","0.0 ms (0%)","1"
"     Self time","0.0 ms (0%)","0.0 ms (0%)","1"
"    Self time","0.0 ms (0%)","0.0 ms (0%)","1"
"   Self time","0.0 ms (0%)","0.0 ms (0%)","1"
"  Self time","0.0 ms (0%)","0.0 ms (0%)","1"
"gateway-shared-exec-engine-6","91.9 ms (-0%)","91.9 ms (-0%)","1"
" java.lang.Thread.run ()","91.9 ms (-0%)","91.9 ms (-0%)","1"
"  java.util.concurrent.ThreadPoolExecutor$Worker.run ()","91.9 ms (-0%)","91.9 ms (-0%)","1"
"   java.util.concurrent.ThreadPoolExecutor.runWorker ()","91.9 ms (-0%)","91.9 ms (-0%)","1"
"    java.util.concurrent.ScheduledThreadPoolExecutor$ScheduledFutureTask.run ()","91.9 ms (-0%)","91.9 ms (-0%)","1"
"     java.util.concurrent.FutureTask.runAndReset ()","91.9 ms (-0%)","91.9 ms (-0%)","1"
"      java.util.concurrent.Executors$RunnableAdapter.call ()","91.9 ms (-0%)","91.9 ms (-0%)","1"
"       com.inductiveautomation.ignition.common.execution.impl.BasicExecutionEngine$TrackedTask.run ()","91.9 ms (-0%)","91.9 ms (-0%)","1"
"        com.inductiveautomation.ignition.gateway.IgnitionGateway$PerformanceStatusTagManager$$Lambda$3063.0x0000000100f82cc0.run ()","91.9 ms (-0%)","91.9 ms (-0%)","1"
"         com.inductiveautomation.ignition.gateway.IgnitionGateway$PerformanceStatusTagManager.refresh ()","91.9 ms (-0%)","91.9 ms (-0%)","1"
"          com.inductiveautomation.ignition.gateway.util.PerformanceMonitor.getCpuUsage ()","91.9 ms (-0%)","91.9 ms (-0%)","1"
"           com.inductiveautomation.ignition.gateway.util.PerformanceMonitor.updateDiskUsage ()","91.9 ms (-0%)","91.9 ms (-0%)","1"
"            java.io.File.getUsableSpace ()","91.9 ms (-0%)","91.9 ms (-0%)","1"
"            Self time","0.0 ms (0%)","0.0 ms (0%)","1"
"           Self time","0.0 ms (0%)","0.0 ms (0%)","1"
"          Self time","0.0 ms (0%)","0.0 ms (0%)","1"
"         Self time","0.0 ms (0%)","0.0 ms (0%)","1"
"        Self time","0.0 ms (0%)","0.0 ms (0%)","1"
"       Self time","0.0 ms (0%)","0.0 ms (0%)","1"
"      Self time","0.0 ms (0%)","0.0 ms (0%)","1"
"     Self time","0.0 ms (0%)","0.0 ms (0%)","1"
"    Self time","0.0 ms (0%)","0.0 ms (0%)","1"
"   Self time","0.0 ms (0%)","0.0 ms (0%)","1"
"  Self time","0.0 ms (0%)","0.0 ms (0%)","1"
